epsilon,season_penalty,n_simulations,home_mae,away_mae,total_mae,num_matches
0.003,1,25,1.0241862196913643,0.9581619127636107,1.9823481324549748,210
0.002,1,25,1.0228295808884704,0.9596366840245756,1.9824662649130458,210
0.0005,1,25,1.01995790710145,0.9625876602853793,1.9825455673868295,210
0.006,1,25,1.0274758597914506,0.9553731699147038,1.9828490297061545,210
